{"import_time_csv": 1.2487542629241943, "new_column_movie": 0.02315211296081543, "new_column_release_year": 0.030368328094482422, "remove_initial_column": 0.007953405380249023, "rename_column_movie": 0.006020784378051758, "change_type_year": 0.017817974090576172, "check_missing_data": 1.339677333831787, "check_duplicate_lines": 1.3392775058746338, "check_duplicate_lines_ids": 1.0322513580322266, "check_duplicate_lines_movie_year": 0.07090640068054199, "duplicate_line_dr_quinn": 0.05568838119506836}