{"import_time_csv": 0.054984092712402344, "new_column_movie": 0.01649785041809082, "new_column_release_year": 0.005856037139892578, "remove_initial_column": 0.0064198970794677734, "rename_column_movie": 0.006155967712402344, "change_type_year": 0.0037403106689453125, "check_missing_data": 0.0041158199310302734, "check_duplicate_lines": 0.0030050277709960938, "check_duplicate_lines_ids": 0.0007245540618896484, "check_duplicate_lines_movie_year": 0.0029664039611816406, "duplicate_line_dr_quinn": 0.002797365188598633}