{"import_time_csv": 4.452035188674927, "check_missing_data": 7.960012674331665, "change_type_date": 0.005509138107299805, "merge_tables": 0.006005287170410156}