{"import_time_csv": 11.954997539520264, "check_missing_data": 4.8070900440216064, "change_type_date": 3.5880510807037354, "rating_duplicate_line": 7.353037357330322, "merge_tables": 5.570966720581055, "final_load_delta": 10.325220584869385, "final_load_parquet": 51.80097222328186, "final_load_csv": 89.04311537742615}