{"import_time_csv": 3.224440574645996, "new_column_movie": 0.007007598876953125, "new_column_release_year": 0.007005929946899414, "remove_initial_column": 0.004002571105957031, "rename_column_movie": 0.005005598068237305, "change_type_year": 0.009007692337036133, "check_missing_data": 0.5204088687896729, "check_duplicate_lines": 0.4919419288635254, "check_duplicate_lines_ids": 0.30828022956848145, "check_duplicate_lines_movie_year": 0.010524749755859375, "duplicate_line_dr_quinn": 0.02902698516845703}