{"import_time_csv": 0.013010978698730469, "new_column_movie": 0.0020024776458740234, "new_column_release_year": 0.0010006427764892578, "remove_initial_column": 0.002001523971557617, "rename_column_movie": 0.0, "change_type_year": 0.003002643585205078, "check_missing_data": 0.0020008087158203125, "check_duplicate_lines": 0.0020017623901367188, "check_duplicate_lines_ids": 0.0010018348693847656, "check_duplicate_lines_movie_year": 0.0009996891021728516, "duplicate_line_dr_quinn": 0.0}